run,vid,instante,x1,y1,x2,y2,v,theta,a,giro
# run=20260718-164725-248 opt=global condiciones_iniciales=[{'id': 1, 'inicio': (9.599, 7.595), 'giro_inicial': 197.042, 'meta': (37.203, 18.13), 'angulo_llegada': 304.458, 'largo': 1.18, 'ancho': 0.61, 'v_max': 2.39, 'v_inicial': 0.0, 'a_max': 0.68, 'giro_max': 39.4, 'grupo': 2, 'prioridad': 3}, {'id': 2, 'inicio': (31.27, 9.37), 'giro_inicial': 301.1, 'meta': (26.2, 17.82), 'angulo_llegada': 55.3, 'largo': 0.99, 'ancho': 0.55, 'v_max': 2.92, 'v_inicial': 0.0, 'a_max': 0.8, 'giro_max': 29.8, 'grupo': 1, 'prioridad': 1}, {'id': 3, 'inicio': (18.17, 3.56), 'giro_inicial': 158.2, 'meta': (9.56, 12.58), 'angulo_llegada': 233.0, 'largo': 0.71, 'ancho': 0.37, 'v_max': 1.81, 'v_inicial': 0.0, 'a_max': 0.85, 'giro_max': 38.9, 'grupo': 2, 'prioridad': 2}]
20260718-164725-248,1,0,9.124162,7.129995,10.073576,8.059034,-0.067998,3.439030,-0.679887,2.550474
20260718-164725-248,1,1,9.133928,7.128707,10.076785,8.064400,-0.135987,3.446062,-0.679708,2.558972
20260718-164725-248,1,2,9.153349,7.126499,10.083198,8.075120,-0.203958,3.459869,-0.679459,2.567452
20260718-164725-248,1,3,9.182328,7.123923,10.092703,8.091248,-0.271904,3.480196,-0.678390,2.575917
20260718-164725-248,1,4,9.220758,7.121702,10.105085,8.112897,-0.339743,3.506795,-0.678306,2.502484
20260718-164725-248,1,5,9.271630,7.118249,10.116736,8.143088,-0.407573,3.545698,-0.677766,2.512131
20260718-164725-248,1,6,9.332241,7.117206,10.129607,8.179613,-0.475350,3.591435,-0.677192,2.521765
20260718-164725-248,1,7,9.402264,7.120011,10.143034,8.222626,-0.543069,3.643705,-0.676599,2.531390
20260718-164725-248,1,8,9.481208,7.128221,10.156234,8.272266,-0.610729,3.702215,-0.675996,2.541007
20260718-164725-248,1,9,9.568384,7.143480,10.168314,8.328631,-0.678329,3.766675,-0.675395,2.550621
20260718-164725-248,1,10,9.662863,7.167474,10.178273,8.391751,-0.745868,3.836803,-0.674804,2.560232
20260718-164725-248,1,11,9.763443,7.201886,10.185016,8.461559,-0.813348,3.912323,-0.674233,2.569844
20260718-164725-248,1,12,9.868632,7.248332,10.187368,8.537870,-0.880772,3.992961,-0.673687,2.579458
20260718-164725-248,1,13,9.976629,7.308303,10.184094,8.620346,-0.948140,4.078449,-0.673176,2.589076
20260718-164725-248,1,14,10.085323,7.383095,10.173922,8.708482,-1.015458,4.168526,-0.672703,2.598700
20260718-164725-248,1,15,10.192306,7.473740,10.155572,8.801577,-1.082728,4.262932,0.672703,2.608331
20260718-164725-248,1,16,10.294902,7.580930,10.127790,8.898721,-1.015458,4.361413,0.673176,2.598700
20260718-164725-248,1,17,10.382525,7.690402,10.091935,8.986572,-0.948140,4.455819,0.673687,2.589076
20260718-164725-248,1,18,10.456012,7.799983,10.050002,9.064758,-0.880772,4.545896,0.674233,2.579458
20260718-164725-248,1,19,10.516419,7.907736,10.003900,9.133225,-0.813348,4.631385,0.674804,2.569844
20260718-164725-248,1,20,10.564973,8.011969,9.955406,9.192192,-0.745868,4.712022,0.675395,2.560232
20260718-164725-248,1,21,10.603011,8.111235,9.906136,9.242104,-0.678329,4.787542,0.675996,2.550621
20260718-164725-248,1,22,10.631931,8.204324,9.857528,9.283583,-0.610729,4.857670,0.676599,2.541007
20260718-164725-248,1,23,10.653145,8.290245,9.810829,9.317379,-0.543069,4.922131,0.677192,2.531390
20260718-164725-248,1,24,10.668037,8.368206,9.767100,9.344327,-0.475350,4.980640,0.677766,2.521765
20260718-164725-248,1,25,10.677924,8.437584,9.727219,9.365301,-0.407573,5.032910,0.678306,2.512131
20260718-164725-248,1,26,10.684024,8.497896,9.691896,9.381176,-0.339743,5.078647,0.678799,2.502484
20260718-164725-248,1,27,10.687424,8.548771,9.661693,9.392795,-0.271863,5.117550,0.678685,2.492820
20260718-164725-248,1,28,10.689058,8.589917,9.637040,9.400940,-0.203994,5.149314,0.679961,2.908451
20260718-164725-248,1,29,10.683299,8.612273,9.625258,9.415421,-0.135998,5.156777,0.679985,2.904990
20260718-164725-248,1,30,10.679413,8.627200,9.617327,9.424992,-0.068000,5.161830,0.679998,2.901528
20260718-164725-248,1,31,10.677464,8.634680,9.613335,9.429746,0.000000,5.164395,0.680000,0.000000
20260718-164725-248,1,32,10.677464,8.634680,9.613335,9.429746,0.068000,5.164395,0.680000,0.033974
20260718-164725-248,1,33,10.680578,8.628754,9.616166,9.423441,0.136000,5.164751,0.679999,0.033484
20260718-164725-248,1,34,10.686810,8.616900,9.621840,9.410839,0.204000,5.165453,0.679999,0.032994
20260718-164725-248,1,35,10.696170,8.599120,9.630377,9.391954,0.272000,5.166490,0.679998,0.032503
20260718-164725-248,1,36,10.708674,8.575419,9.641802,9.366800,0.340000,5.167853,0.679997,0.032013
20260718-164725-248,1,37,10.724345,8.545806,9.656146,9.335396,0.407999,5.169531,0.679996,0.031523
20260718-164725-248,1,38,10.743207,8.510291,9.673446,9.297761,0.475999,5.171513,0.679994,0.031033
20260718-164725-248,1,39,10.765294,8.468887,9.693742,9.253920,0.543998,5.173790,0.677252,0.030542
20260718-164725-248,1,40,10.790641,8.421611,9.717083,9.203898,0.611723,5.176351,0.679102,0.308784
20260718-164725-248,1,41,10.831177,8.384042,9.734586,9.133702,0.679634,5.206417,0.678958,0.303771
20260718-164725-248,1,42,10.877375,8.343461,9.756771,9.056726,0.747529,5.239244,0.678813,0.298758
20260718-164725-248,1,43,10.929551,8.300275,9.784355,8.973348,0.815411,5.274718,0.678670,0.293746
20260718-164725-248,1,44,10.988022,8.254943,9.818079,8.884016,0.883278,5.312724,0.678531,0.288733
20260718-164725-248,1,45,11.053102,8.207976,9.858691,8.789252,0.951131,5.353149,0.678398,0.283720
20260718-164725-248,1,46,11.125092,8.159939,9.906939,8.689659,1.018971,5.395882,0.678272,0.278706
20260718-164725-248,1,47,11.204274,8.111447,9.963559,8.585921,1.086798,5.440810,0.678155,0.273691
20260718-164725-248,1,48,11.290900,8.063166,10.029258,8.478810,1.154613,5.487822,0.678048,0.268675
20260718-164725-248,1,49,11.385187,8.015812,10.104707,8.369183,1.222418,5.536805,0.677952,0.263657
20260718-164725-248,1,50,11.487307,7.970145,10.190523,8.257982,1.290213,5.587650,0.677868,0.258639
20260718-164725-248,1,51,11.597380,7.926969,10.287257,8.146234,1.358000,5.640245,0.682442,0.253618
20260718-164725-248,1,52,11.715466,7.887122,10.395383,8.035044,1.426244,5.694481,0.678208,0.221941
20260718-164725-248,1,53,11.840866,7.846622,10.515074,7.928924,1.494065,5.744072,0.678174,0.217453
20260718-164725-248,1,54,11.974221,7.810204,10.645959,7.824994,1.561883,5.794936,0.678153,0.212963
20260718-164725-248,1,55,12.115462,7.778680,10.788228,7.724357,1.629698,5.846977,0.688423,0.208472
20260718-164725-248,1,56,12.264454,7.752875,10.941977,7.628158,1.698540,5.900098,0.678906,0.157051
20260718-164725-248,1,57,12.421477,7.723262,11.105303,7.543859,1.766431,5.941542,0.678915,0.153588
20260718-164725-248,1,58,12.586044,7.698738,11.278595,7.464054,1.834322,5.983677,0.678933,0.150124
20260718-164725-248,1,59,12.758013,7.679946,11.461789,7.389597,1.902216,6.026429,0.678958,0.146660
20260718-164725-248,1,60,12.937201,7.667528,11.654758,7.321346,1.970111,6.069726,0.678992,0.143196
20260718-164725-248,1,61,13.123381,7.662116,11.857314,7.260153,2.038011,6.113494,0.679033,0.139730
20260718-164725-248,1,62,13.316285,7.664330,12.069200,7.206859,2.105914,6.157661,0.679082,0.136265
20260718-164725-248,1,63,13.515602,7.674773,12.290098,7.162289,2.173822,6.202152,0.679139,0.132798
20260718-164725-248,1,64,13.720984,7.694030,12.519630,7.127243,2.241736,6.246897,0.679203,0.129332
20260718-164725-248,1,65,13.932043,7.722657,12.757354,7.102491,2.309656,6.291820,0.679274,0.125864
20260718-164725-248,1,66,14.148356,7.761184,13.002775,7.088767,2.377584,6.336851,0.099900,0.122397
20260718-164725-248,1,67,14.369470,7.810106,13.255344,7.086764,2.387574,6.381916,0.000000,0.121887
20260718-164725-248,1,68,14.589145,7.869083,13.508736,7.096285,2.387574,6.426979,-0.000000,0.121887
20260718-164725-248,1,69,14.805940,7.937895,13.761441,7.117211,2.387574,6.472043,0.000000,0.121887
20260718-164725-248,1,70,15.019416,8.016404,14.012947,7.149500,2.387574,6.517107,-0.000000,0.121887
20260718-164725-248,1,71,15.229138,8.104449,14.262744,7.193086,2.387574,6.562170,-0.087814,0.121887
20260718-164725-248,1,72,15.434680,8.201853,14.510323,7.247881,2.378792,6.607234,0.000000,0.258412
20260718-164725-248,1,73,15.604511,8.341981,14.776767,7.303069,2.378792,6.704117,-0.000000,0.258412
20260718-164725-248,1,74,15.759991,8.497880,15.036623,7.383771,2.378792,6.800999,-0.000000,0.258412
20260718-164725-248,1,75,15.899661,8.668088,15.287455,7.489231,2.378792,6.897881,-0.020142,0.258412
20260718-164725-248,1,76,16.022212,8.851007,15.526908,7.618459,2.376778,6.994764,0.000000,0.279817
20260718-164725-248,1,77,16.119714,9.047835,15.756620,7.770079,2.376778,7.100000,-0.000000,0.279817
20260718-164725-248,1,78,16.196001,9.253816,15.969134,7.944988,2.376778,7.205236,-0.000000,0.279817
20260718-164725-248,1,79,16.250230,9.466671,16.162100,8.141253,2.376778,7.310472,0.100212,0.279817
20260718-164725-248,1,80,16.281800,9.684045,16.333382,8.356702,2.386799,7.415708,0.000000,0.139823
20260718-164725-248,1,81,16.337592,9.903190,16.457777,8.580294,2.386799,7.467468,-0.000000,0.139823
20260718-164725-248,1,82,16.381971,10.124929,16.570438,8.810022,2.386799,7.519228,0.000000,0.139823
20260718-164725-248,1,83,16.414819,10.348667,16.671063,9.045271,2.386799,7.570988,0.030626,0.139823
20260718-164725-248,1,84,16.436048,10.573804,16.759382,9.285411,2.389862,7.622748,0.000000,0.029194
20260718-164725-248,1,85,16.481399,10.805243,16.818568,9.520402,2.389862,7.633501,0.000000,0.029194
20260718-164725-248,1,86,16.524259,11.037156,16.875225,9.756014,2.389862,7.644254,0.000000,0.029194
20260718-164725-248,1,87,16.564623,11.269516,16.929344,9.992223,2.389862,7.655007,-0.000000,0.029194
20260718-164725-248,1,88,16.602486,11.502297,16.980921,10.229000,2.389862,7.665761,-0.000000,0.029194
20260718-164725-248,1,89,16.637843,11.735472,17.029948,10.466317,2.389862,7.676514,-0.000000,0.029194
20260718-164725-248,1,90,16.670692,11.969014,17.076421,10.704149,2.389862,7.687267,0.000000,0.029194
20260718-164725-248,1,91,16.701027,12.202895,17.120334,10.942466,2.389862,7.698020,0.000000,0.029194
20260718-164725-248,1,92,16.728845,12.437089,17.161681,11.181241,2.389862,7.708774,-0.000000,0.029194
20260718-164725-248,1,93,16.754143,12.671568,17.200459,11.420448,2.389862,7.719527,-0.000000,0.029194
20260718-164725-248,1,94,16.776919,12.906306,17.236662,11.660057,2.389862,7.730280,-0.000000,0.029194
20260718-164725-248,1,95,16.797169,13.141275,17.270286,11.900042,2.389862,7.741033,-0.003841,0.029194
20260718-164725-248,1,96,16.814891,13.376449,17.301328,12.140375,2.389478,7.751787,0.000000,0.056723
20260718-164725-248,1,97,16.821431,13.609440,17.333602,12.383805,2.389478,7.772693,-0.000000,0.056723
20260718-164725-248,1,98,16.823098,13.842517,17.360779,12.627857,2.389478,7.793600,0.000000,0.056723
20260718-164725-248,1,99,16.819893,14.075578,17.382849,12.872424,2.389478,7.814507,0.003841,0.056723
20260718-164725-248,1,100,16.811816,14.308521,17.399801,13.117398,2.389862,7.835413,0.000000,-0.029194
20260718-164725-248,1,101,16.825244,14.550545,17.400387,13.353169,2.389862,7.824660,0.000000,-0.029194
20260718-164725-248,1,102,16.841273,14.792411,17.403508,13.588919,2.389862,7.813907,0.000000,-0.029194
20260718-164725-248,1,103,16.859903,15.034090,17.409164,13.824622,2.389862,7.803153,-0.000000,-0.029194
20260718-164725-248,1,104,16.881130,15.275555,17.417354,14.060251,2.389862,7.792400,0.000000,-0.029194
20260718-164725-248,1,105,16.904953,15.516778,17.428077,14.295778,2.389862,7.781647,-0.000000,-0.029194
20260718-164725-248,1,106,16.931368,15.757731,17.441332,14.531177,2.389862,7.770894,-0.000000,-0.029194
20260718-164725-248,1,107,16.960372,15.998386,17.457118,14.766419,2.389862,7.760141,0.000900,-0.029194
20260718-164725-248,1,108,16.991963,16.238715,17.475433,15.001477,2.389952,7.749387,0.000000,-0.017233
20260718-164725-248,1,109,17.022354,16.477767,17.497962,15.237486,2.389952,7.743041,-0.000000,-0.017233
20260718-164725-248,1,110,17.054262,16.716622,17.521989,15.473348,2.389952,7.736694,0.000000,-0.017233
20260718-164725-248,1,111,17.087685,16.955270,17.547513,15.709052,2.389952,7.730348,-0.111596,-0.017233
20260718-164725-248,1,112,17.122623,17.193700,17.574531,15.944589,2.378792,7.724001,-0.000000,-0.258412
20260718-164725-248,1,113,17.237852,17.445504,17.566814,16.158537,2.378792,7.627119,0.000000,-0.258412
20260718-164725-248,1,114,17.376899,17.684981,17.579829,16.372228,2.378792,7.530236,-0.000000,-0.258412
20260718-164725-248,1,115,17.538458,17.909885,17.613453,16.583659,2.378792,7.433354,0.000000,-0.258412
20260718-164725-248,1,116,17.721015,18.118106,17.667371,16.790845,2.378792,7.336471,-0.000000,-0.258412
20260718-164725-248,1,117,17.922858,18.307692,17.741078,16.991844,2.378792,7.239589,0.000000,-0.258412
20260718-164725-248,1,118,18.142092,18.476865,17.833882,17.184771,2.378792,7.142707,-0.000000,-0.258412
20260718-164725-248,1,119,18.376663,18.624037,17.944912,17.367816,2.378792,7.045824,-0.000000,-0.258412
20260718-164725-248,1,120,18.624370,18.747829,18.073128,17.539263,2.378792,6.948942,0.000000,-0.258412
20260718-164725-248,1,121,18.882890,18.847080,18.217327,17.697503,2.378792,6.852059,-0.000000,-0.258412
20260718-164725-248,1,122,19.149798,18.920858,18.376157,17.841053,2.378792,6.755177,0.000000,-0.258412
20260718-164725-248,1,123,19.422591,18.968472,18.548127,17.968565,2.378792,6.658294,0.099513,-0.258412
20260718-164725-248,1,124,19.698711,18.989475,18.731626,18.078845,2.388744,6.561412,0.000000,-0.087874
20260718-164725-248,1,125,19.945035,19.031715,18.948935,18.152918,2.388744,6.528985,-0.000000,-0.087874
20260718-164725-248,1,126,20.192599,19.065947,19.168531,18.219907,2.388744,6.496559,0.000000,-0.087874
20260718-164725-248,1,127,20.441142,19.092135,19.390183,18.279740,2.388744,6.464132,-0.000000,-0.087874
20260718-164725-248,1,128,20.690404,19.110250,19.613659,18.332356,2.388744,6.431705,-0.000000,-0.087874
20260718-164725-248,1,129,20.940123,19.120275,19.838723,18.377699,2.388744,6.399278,0.000000,-0.087874
20260718-164725-248,1,130,21.190035,19.122199,20.065139,18.415722,2.388744,6.366851,-0.000000,-0.087874
20260718-164725-248,1,131,21.439878,19.116019,20.292669,18.446383,2.388744,6.334425,0.012485,-0.087874
20260718-164725-248,1,132,21.689389,19.101742,20.521073,18.469652,2.389992,6.301998,0.000000,-0.006999
20260718-164725-248,1,133,21.929170,19.104115,20.759229,18.475039,2.389992,6.299420,0.000000,-0.006999
20260718-164725-248,1,134,22.168956,19.105870,20.997398,18.479812,2.389992,6.296843,-0.000000,-0.006999
20260718-164725-248,1,135,22.408747,19.107008,21.235578,18.483971,2.389992,6.294266,0.000079,-0.006999
20260718-164725-248,1,136,22.648539,19.107527,21.473768,18.487516,2.390000,6.291689,0.000000,0.000000
20260718-164725-248,1,137,22.887530,19.109560,21.712760,18.489548,2.390000,6.291689,0.000000,0.000000
20260718-164725-248,1,138,23.126522,19.111592,21.951751,18.491580,2.390000,6.291689,0.000000,0.000000
20260718-164725-248,1,139,23.365513,19.113624,22.190743,18.493612,2.390000,6.291689,0.000000,0.000000
20260718-164725-248,1,140,23.604504,19.115656,22.429734,18.495645,2.390000,6.291689,0.000000,0.000000
20260718-164725-248,1,141,23.843496,19.117689,22.668725,18.497677,2.390000,6.291689,0.000000,0.000000
20260718-164725-248,1,142,24.082487,19.119721,22.907717,18.499709,2.390000,6.291689,0.000000,0.000000
20260718-164725-248,1,143,24.321478,19.121753,23.146708,18.501741,2.390000,6.291689,0.000000,0.000000
20260718-164725-248,1,144,24.560470,19.123785,23.385699,18.503774,2.390000,6.291689,0.000000,0.000000
20260718-164725-248,1,145,24.799461,19.125818,23.624691,18.505806,2.390000,6.291689,0.000000,0.000000
20260718-164725-248,1,146,25.038452,19.127850,23.863682,18.507838,2.390000,6.291689,0.000000,0.000000
20260718-164725-248,1,147,25.277444,19.129882,24.102673,18.509870,2.390000,6.291689,0.000000,0.000000
20260718-164725-248,1,148,25.516435,19.131914,24.341665,18.511903,2.390000,6.291689,0.000000,0.000000
20260718-164725-248,1,149,25.755427,19.133947,24.580656,18.513935,2.390000,6.291689,0.000000,0.000000
20260718-164725-248,1,150,25.994418,19.135979,24.819648,18.515967,2.390000,6.291689,0.000000,0.000000
20260718-164725-248,1,151,26.233409,19.138011,25.058639,18.517999,2.390000,6.291689,0.000000,0.000000
20260718-164725-248,1,152,26.472401,19.140043,25.297630,18.520032,2.390000,6.291689,0.000000,0.000000
20260718-164725-248,1,153,26.711392,19.142076,25.536622,18.522064,2.390000,6.291689,0.000000,0.000000
20260718-164725-248,1,154,26.950383,19.144108,25.775613,18.524096,2.390000,6.291689,0.000000,0.000000
20260718-164725-248,1,155,27.189375,19.146140,26.014604,18.526128,2.390000,6.291689,0.000000,0.000000
20260718-164725-248,1,156,27.428366,19.148172,26.253596,18.528161,2.390000,6.291689,0.000000,0.000000
20260718-164725-248,1,157,27.667357,19.150205,26.492587,18.530193,2.390000,6.291689,0.000000,0.000000
20260718-164725-248,1,158,27.906349,19.152237,26.731578,18.532225,2.390000,6.291689,0.000000,0.000000
20260718-164725-248,1,159,28.145340,19.154269,26.970570,18.534257,2.390000,6.291689,0.000000,0.000000
20260718-164725-248,1,160,28.384332,19.156301,27.209561,18.536290,2.390000,6.291689,0.000000,0.000000
20260718-164725-248,1,161,28.623323,19.158334,27.448552,18.538322,2.390000,6.291689,0.000000,0.000000
20260718-164725-248,1,162,28.862314,19.160366,27.687544,18.540354,2.390000,6.291689,0.000000,0.000000
20260718-164725-248,1,163,29.101306,19.162398,27.926535,18.542387,2.390000,6.291689,-0.000079,0.000000
20260718-164725-248,1,164,29.340297,19.164430,28.165527,18.544419,2.389992,6.291689,0.000000,-0.006999
20260718-164725-248,1,165,29.580090,19.164332,28.403725,18.547350,2.389992,6.289111,-0.000000,-0.006999
20260718-164725-248,1,166,29.819882,19.163615,28.641931,18.549667,2.389992,6.286534,-0.000000,-0.006999
20260718-164725-248,1,167,30.059671,19.162281,28.880142,18.551371,2.389992,6.283957,0.000000,-0.006999
20260718-164725-248,1,168,30.299456,19.160328,29.118356,18.552460,2.389992,6.281379,-0.000000,-0.006999
20260718-164725-248,1,169,30.539235,19.157757,29.356572,18.552935,2.389992,6.278802,0.000000,-0.006999
20260718-164725-248,1,170,30.779006,19.154569,29.594789,18.552797,2.389992,6.276225,-0.000000,-0.006999
20260718-164725-248,1,171,31.018769,19.150762,29.833005,18.552044,2.389992,6.273647,-0.000000,-0.006999
20260718-164725-248,1,172,31.258521,19.146338,30.071218,18.550678,2.389992,6.271070,-0.000000,-0.006999
20260718-164725-248,1,173,31.498261,19.141295,30.309426,18.548698,2.389992,6.268493,0.000000,-0.006999
20260718-164725-248,1,174,31.737987,19.135635,30.547629,18.546103,2.389992,6.265916,0.000000,-0.006999
20260718-164725-248,1,175,31.977697,19.129357,30.785824,18.542895,2.389992,6.263338,-0.000000,-0.006999
20260718-164725-248,1,176,32.217391,19.122461,31.024010,18.539073,2.389992,6.260761,-0.000000,-0.006999
20260718-164725-248,1,177,32.457066,19.114948,31.262186,18.534637,2.389992,6.258184,0.000000,-0.006999
20260718-164725-248,1,178,32.696721,19.106816,31.500349,18.529587,2.389992,6.255606,-0.000000,-0.006999
20260718-164725-248,1,179,32.936354,19.098067,31.738498,18.523924,2.389992,6.253029,-0.679998,-0.006999
20260718-164725-248,1,180,33.175964,19.088701,31.976632,18.517646,2.321992,6.250452,-0.679997,-0.007198
20260718-164725-248,1,181,33.408753,19.078959,32.207954,18.510995,2.253993,6.247877,-0.679997,-0.007397
20260718-164725-248,1,182,33.634719,19.068880,32.432465,18.504002,2.185993,6.245308,-0.679997,-0.007596
20260718-164725-248,1,183,33.853861,19.058504,32.650166,18.496704,2.117993,6.242749,-0.679997,-0.007795
20260718-164725-248,1,184,34.066178,19.047872,32.861058,18.489136,2.049993,6.240205,-0.679997,-0.007994
20260718-164725-248,1,185,34.271669,19.037024,33.065142,18.481333,1.981994,6.237680,-0.679997,-0.008193
20260718-164725-248,1,186,34.470334,19.026002,33.262420,18.473332,1.913994,6.235178,-0.679996,-0.008392
20260718-164725-248,1,187,34.662172,19.014848,33.452894,18.465169,1.845994,6.232703,-0.679996,-0.008591
20260718-164725-248,1,188,34.847184,19.003604,33.636566,18.456882,1.777995,6.230259,-0.679996,-0.008791
20260718-164725-248,1,189,35.025368,18.992312,33.813437,18.448507,1.709995,6.227851,-0.679996,-0.008990
20260718-164725-248,1,190,35.196726,18.981014,33.983510,18.440082,1.641996,6.225482,-0.679996,-0.009189
20260718-164725-248,1,191,35.361257,18.969752,34.146787,18.431642,1.573996,6.223157,-0.679996,-0.009388
20260718-164725-248,1,192,35.518963,18.958568,34.303271,18.423225,1.505996,6.220880,-0.679997,-0.009587
20260718-164725-248,1,193,35.669843,18.947504,34.452963,18.414866,1.437997,6.218655,-0.679997,-0.009786
20260718-164725-248,1,194,35.813900,18.936600,34.595868,18.406602,1.369997,6.216487,-0.679997,-0.009985
20260718-164725-248,1,195,35.951133,18.925897,34.731986,18.398467,1.301997,6.214379,-0.679997,-0.010184
20260718-164725-248,1,196,36.081544,18.915434,34.861322,18.390496,1.233998,6.212336,-0.679997,-0.010384
20260718-164725-248,1,197,36.205134,18.905250,34.983878,18.382723,1.165998,6.210361,-0.679997,-0.010583
20260718-164725-248,1,198,36.321904,18.895384,35.099657,18.375180,1.097998,6.208460,-0.679997,-0.010782
20260718-164725-248,1,199,36.431856,18.885872,35.208662,18.367898,1.029998,6.206636,-0.681390,-0.010981
20260718-164725-248,1,200,36.534991,18.876749,35.310896,18.360908,0.961859,6.204893,-0.679763,-0.114842
20260718-164725-248,1,201,36.635073,18.857086,35.402339,18.362247,0.893883,6.187798,-0.679786,-0.116886
20260718-164725-248,1,202,36.727838,18.837133,35.487263,18.362294,0.825905,6.171625,-0.679809,-0.118930
20260718-164725-248,1,203,36.813314,18.817231,35.565661,18.361310,0.757924,6.156418,-0.000868,-0.120973
20260718-164725-248,1,204,36.891535,18.797702,35.637536,18.359540,0.757837,6.142221,-0.000000,-0.175856
20260718-164725-248,1,205,36.970757,18.772442,35.707937,18.360391,0.757837,6.121472,0.000000,-0.175856
20260718-164725-248,1,206,37.049437,18.745543,35.778340,18.359782,0.757837,6.100723,-0.000000,-0.175856
20260718-164725-248,1,207,37.127542,18.717018,35.848715,18.357712,0.757837,6.079974,0.001158,-0.175856
20260718-164725-248,1,208,37.205039,18.686879,35.919032,18.354182,0.757953,6.059225,0.000000,-0.095441
20260718-164725-248,1,209,37.280573,18.662019,35.990927,18.343722,0.757953,6.048045,0.000000,-0.095441
20260718-164725-248,1,210,37.355824,18.636317,36.062700,18.332458,0.757953,6.036865,-0.000000,-0.095441
20260718-164725-248,1,211,37.430783,18.609776,36.134343,18.320392,0.757953,6.025684,-0.679526,-0.095441
20260718-164725-248,1,212,37.505440,18.582398,36.205846,18.307527,0.690000,6.014504,-0.680000,0.000000
20260718-164725-248,1,213,37.571965,18.564081,36.272370,18.289210,0.622000,6.014504,-0.680000,0.000000
20260718-164725-248,1,214,37.631933,18.547569,36.332339,18.272698,0.554000,6.014504,-0.680000,0.000000
20260718-164725-248,1,215,37.685345,18.532863,36.385751,18.257992,0.486000,6.014504,-0.680000,0.000000
20260718-164725-248,1,216,37.732202,18.519961,36.432607,18.245090,0.418000,6.014504,-0.680000,0.000000
20260718-164725-248,1,217,37.772502,18.508865,36.472908,18.233994,0.350000,6.014504,-0.680000,0.000000
20260718-164725-248,1,218,37.806246,18.499574,36.506652,18.224703,0.282000,6.014504,-0.680000,0.000000
20260718-164725-248,1,219,37.833435,18.492088,36.533840,18.217217,0.214000,6.014504,-0.680000,0.000000
20260718-164725-248,1,220,37.854067,18.486407,36.554472,18.211536,0.146000,6.014504,-0.680000,0.000000
20260718-164725-248,1,221,37.868143,18.482531,36.568548,18.207660,0.078000,6.014504,-0.680000,0.000000
20260718-164725-248,1,222,37.875663,18.480461,36.576069,18.205590,0.010000,6.014504,-0.100000,0.000000
20260718-164725-248,1,223,37.876627,18.480195,36.577033,18.205324,0.000000,6.014504,-0.679976,0.000000
20260718-164725-248,1,224,37.876627,18.480195,36.577033,18.205324,-0.067998,6.014504,-0.679838,-2.463698
20260718-164725-248,1,225,37.871223,18.476569,36.569356,18.212671,-0.135981,6.006068,-0.679583,-2.473432
20260718-164725-248,1,226,37.860298,18.469724,36.554245,18.227390,-0.203940,5.989531,-0.679231,-2.483138
20260718-164725-248,1,227,37.843673,18.460192,36.532115,18.249677,-0.271863,5.965220,-0.678799,-2.492820
20260718-164725-248,1,228,37.821132,18.448632,36.503550,18.279877,-0.339743,5.933457,-0.678306,-2.502484
20260718-164725-248,1,229,37.792450,18.435829,36.469302,18.318447,-0.407573,5.894553,-0.677766,-2.512131
20260718-164725-248,1,230,37.757431,18.422690,36.430299,18.365926,-0.475350,5.848817,0.677766,-2.521765
20260718-164725-248,1,231,37.715933,18.410243,36.387649,18.422894,-0.407573,5.796546,0.678306,-2.512131
20260718-164725-248,1,232,37.679796,18.400594,36.353479,18.473962,-0.339743,5.750810,0.678799,-2.502484
20260718-164725-248,1,233,37.649266,18.393213,36.326806,18.518111,-0.271863,5.711906,0.679231,-2.492820
20260718-164725-248,1,234,37.624547,18.387671,36.306721,18.554505,-0.203940,5.680143,0.679583,-2.483138
20260718-164725-248,1,235,37.605809,18.383654,36.292428,18.582472,-0.135981,5.655832,0.679838,-2.473432
20260718-164725-248,1,236,37.593199,18.380973,36.283284,18.601482,-0.067998,5.639295,0.679976,-2.463698
20260718-164725-248,1,237,37.586842,18.379579,36.278834,18.611131,0.000000,5.630859,0.679976,0.000000
20260718-164725-248,1,238,37.586842,18.379579,36.278834,18.611131,0.067998,5.630859,0.679838,-0.677895
20260718-164725-248,1,239,37.591210,18.369893,36.285203,18.612471,0.135981,5.622423,0.679583,-0.668161
20260718-164725-248,1,240,37.599713,18.350588,36.297896,18.614730,0.203940,5.605886,0.679231,-0.658455
20260718-164725-248,1,241,37.611892,18.321638,36.316880,18.617346,0.271863,5.581576,0.678799,-0.648772
20260718-164725-248,1,242,37.627078,18.282942,36.342110,18.619628,0.339743,5.549812,0.678306,-0.639109
20260718-164725-248,1,243,37.644399,18.234356,36.373498,18.620765,0.407573,5.510909,0.677766,-0.629462
20260718-164725-248,1,244,37.662795,18.175730,36.410890,18.619841,0.475350,5.465172,-0.067923,-0.619828
20260718-164725-248,1,245,37.681022,18.106939,36.454030,18.615850,0.468558,5.412902,-0.677821,-0.620793
20260718-164725-248,1,246,37.695426,18.038235,36.496332,18.609789,0.400775,5.361273,-4.007754,-0.630428
20260718-164725-248,1,247,37.704721,17.978491,36.532593,18.603484,0.000000,5.316208,0.000000,0.000000
20260718-164725-248,2,0,31.761157,9.088194,30.778843,9.651806,0.080000,5.255186,0.800000,0.000000
20260718-164725-248,2,1,31.765290,9.081344,30.782975,9.644955,0.160000,5.255186,0.800000,0.000000
20260718-164725-248,2,2,31.773554,9.067644,30.791239,9.631255,0.240000,5.255186,0.800000,0.000000
20260718-164725-248,2,3,31.785951,9.047094,30.803636,9.610705,0.320000,5.255186,0.798448,0.000000
20260718-164725-248,2,4,31.802480,9.019693,30.820165,9.583304,0.399845,5.255186,0.798955,-0.362619
20260718-164725-248,2,5,31.814139,8.971307,30.847905,9.562064,0.479740,5.227326,0.798606,-0.357337
20260718-164725-248,2,6,31.826414,8.913047,30.880134,9.535263,0.559601,5.194430,0.798228,-0.352060
20260718-164725-248,2,7,31.838404,8.844846,30.916284,9.502338,0.639424,5.156675,0.796343,-0.346786
20260718-164725-248,2,8,31.849072,8.766679,30.955678,9.462701,0.719058,5.114236,0.796937,-0.369584
20260718-164725-248,2,9,31.855428,8.676675,30.998793,9.417470,0.798752,5.063078,0.796440,-0.363895
20260718-164725-248,2,10,31.857322,8.576787,31.043390,9.364261,0.878396,5.007209,0.795941,-0.358207
20260718-164725-248,2,11,31.853257,8.467349,31.088337,9.302513,0.957990,4.946817,0.799298,-0.352519
20260718-164725-248,2,12,31.841660,8.348865,31.132361,9.231755,1.037920,4.882091,0.795739,-0.320443
20260718-164725-248,2,13,31.824091,8.223916,31.172027,9.149882,1.117494,4.818829,0.795343,-0.315174
20260718-164725-248,2,14,31.796830,8.091239,31.208140,9.058733,1.197028,4.751914,0.794964,-0.309903
20260718-164725-248,2,15,31.758371,7.951791,31.239191,8.958296,1.276524,4.681517,0.834758,-0.304630
20260718-164725-248,2,16,31.707241,7.806739,31.263596,8.848746,1.360000,4.607805,0.800000,0.000000
20260718-164725-248,2,17,31.693044,7.671482,31.249398,8.713489,1.440000,4.607805,0.800000,0.000000
20260718-164725-248,2,18,31.678011,7.528269,31.234366,8.570276,1.520000,4.607805,0.800000,0.000000
20260718-164725-248,2,19,31.662144,7.377099,31.218498,8.419106,1.600000,4.607805,0.800000,0.000000
20260718-164725-248,2,20,31.645441,7.217974,31.201795,8.259981,1.680000,4.607805,0.800000,0.000000
20260718-164725-248,2,21,31.627903,7.050892,31.184257,8.092899,1.760000,4.607805,0.800000,0.000000
20260718-164725-248,2,22,31.609529,6.875853,31.165884,7.917860,1.840000,4.607805,0.800000,0.000000
20260718-164725-248,2,23,31.590321,6.692859,31.146675,7.734866,1.920000,4.607805,0.800000,0.000000
20260718-164725-248,2,24,31.570278,6.501908,31.126632,7.543915,2.000000,4.607805,0.800000,0.000000
20260718-164725-248,2,25,31.549399,6.303000,31.105753,7.345007,2.080000,4.607805,0.800000,0.000000
20260718-164725-248,2,26,31.527685,6.096137,31.084040,7.138144,2.160000,4.607805,0.800000,0.000000
20260718-164725-248,2,27,31.505136,5.881317,31.061491,6.923324,2.240000,4.607805,0.800000,0.000000
20260718-164725-248,2,28,31.481752,5.658541,31.038107,6.700548,2.320000,4.607805,0.800000,0.000000
20260718-164725-248,2,29,31.457533,5.427809,31.013887,6.469816,2.400000,4.607805,0.800000,0.000000
20260718-164725-248,2,30,31.432479,5.189120,30.988833,6.231127,2.480000,4.607805,0.800000,0.000000
20260718-164725-248,2,31,31.406589,4.942475,30.962943,5.984482,2.560000,4.607805,0.628970,0.000000
20260718-164725-248,2,32,31.379865,4.687874,30.936219,5.729881,2.622897,4.607805,0.793532,-0.232166
20260718-164725-248,2,33,31.262000,4.408316,30.939645,5.493990,2.702250,4.493916,0.793997,-0.226375
20260718-164725-248,2,34,31.110180,4.136397,30.913757,5.251753,2.781650,4.379611,0.794511,-0.220579
20260718-164725-248,2,35,30.924678,3.876377,30.857026,5.006874,2.861101,4.265062,0.330724,-0.214778
20260718-164725-248,2,36,30.706349,3.632507,30.768440,4.763323,2.894173,4.150438,0.000000,-0.245364
20260718-164725-248,2,37,30.444586,3.417366,30.656195,4.529940,2.894173,4.017338,-0.000000,-0.245364
20260718-164725-248,2,38,30.156587,3.238865,30.513971,4.313517,2.894173,3.884238,0.000000,-0.245364
20260718-164725-248,2,39,29.847448,3.100163,30.344285,4.117882,2.894173,3.751138,-0.000000,-0.245364
20260718-164725-248,2,40,29.522635,3.003712,30.150137,3.946496,2.894173,3.618038,-0.000000,-0.245364
20260718-164725-248,2,41,29.187896,2.951220,29.934962,3.802391,2.894173,3.484938,0.000000,-0.245364
20260718-164725-248,2,42,28.849152,2.943614,29.702566,3.688116,2.894173,3.351839,0.000000,-0.245364
20260718-164725-248,2,43,28.512394,2.981029,29.457061,3.605692,2.894173,3.218739,0.258148,-0.245364
20260718-164725-248,2,44,28.183580,3.062804,29.202789,3.556578,2.919988,3.085639,0.000000,-0.005293
20260718-164725-248,2,45,27.891386,3.081409,28.911992,3.572288,2.919988,3.082800,-0.000000,-0.005293
20260718-164725-248,2,46,27.599245,3.100843,28.621241,3.588823,2.919988,3.079962,0.000000,-0.005293
20260718-164725-248,2,47,27.307161,3.121107,28.330538,3.606183,2.919988,3.077123,-0.001930,-0.005293
20260718-164725-248,2,48,27.015136,3.142199,28.039886,3.624369,2.919795,3.074284,-0.000000,-0.022081
20260718-164725-248,2,49,26.721231,3.171372,27.751619,3.641372,2.919795,3.062442,0.000000,-0.022081
20260718-164725-248,2,50,26.427693,3.204023,27.463574,3.661788,2.919795,3.050600,-0.000000,-0.022081
20260718-164725-248,2,51,26.134561,3.240147,27.175791,3.685614,2.919795,3.038757,0.000000,-0.022081
20260718-164725-248,2,52,25.841878,3.279740,26.888310,3.712846,2.919795,3.026915,-0.000000,0.022081
20260718-164725-248,2,53,25.554022,3.303535,26.595251,3.749001,2.919795,3.038757,0.000000,0.022081
20260718-164725-248,2,54,25.265904,3.323918,26.301785,3.781684,2.919795,3.050600,0.000000,0.022081
20260718-164725-248,2,55,24.977565,3.340889,26.007953,3.810890,2.919795,3.062442,0.002047,0.022081
20260718-164725-248,2,56,24.689045,3.354444,25.713795,3.836613,2.920000,3.074284,0.000000,0.000000
20260718-164725-248,2,57,24.397706,3.374083,25.422456,3.856252,2.920000,3.074284,0.000000,0.000000
20260718-164725-248,2,58,24.106367,3.393722,25.131117,3.875892,2.920000,3.074284,0.000000,0.000000
20260718-164725-248,2,59,23.815028,3.413361,24.839778,3.895531,2.920000,3.074284,-0.000713,0.000000
20260718-164725-248,2,60,23.523690,3.433000,24.548440,3.915170,2.919929,3.074284,-0.000000,-0.013034
20260718-164725-248,2,61,23.230823,3.458263,24.258918,3.933258,2.919929,3.067294,0.000000,-0.013034
20260718-164725-248,2,62,22.938139,3.485572,23.969530,3.953369,2.919929,3.060304,0.000000,-0.013034
20260718-164725-248,2,63,22.645654,3.514926,23.680289,3.975502,2.919929,3.053315,-0.035094,-0.013034
20260718-164725-248,2,64,22.353381,3.546324,23.391210,3.999657,2.916419,3.046325,0.000000,0.092208
20260718-164725-248,2,65,22.073545,3.534262,23.087657,4.038421,2.916419,3.095853,-0.000000,0.092208
20260718-164725-248,2,66,21.794649,3.508362,22.782558,4.062109,2.916419,3.145382,-0.000000,0.092208
20260718-164725-248,2,67,21.517377,3.468685,22.476659,4.070663,2.916419,3.194910,0.035094,0.092208
20260718-164725-248,2,68,21.242409,3.415330,22.170713,4.064062,2.919929,3.244439,0.000000,-0.013034
20260718-164725-248,2,69,20.949494,3.390635,21.882309,4.032862,2.919929,3.237449,0.000000,-0.013034
20260718-164725-248,2,70,20.656413,3.367988,21.593694,4.003679,2.919929,3.230459,0.000000,-0.013034
20260718-164725-248,2,71,20.363181,3.347390,21.304883,3.976515,2.919929,3.223469,-0.001334,-0.013034
20260718-164725-248,2,72,20.069812,3.328843,21.015888,3.951370,2.919795,3.216479,0.000000,-0.022081
20260718-164725-248,2,73,19.774739,3.316070,20.728121,3.927349,2.919795,3.204637,-0.000000,-0.022081
20260718-164725-248,2,74,19.479536,3.306792,20.440090,3.906739,2.919795,3.192794,-0.000000,-0.022081
20260718-164725-248,2,75,19.184243,3.301011,20.151835,3.889540,2.919795,3.180952,-0.135169,-0.022081
20260718-164725-248,2,76,18.888903,3.298727,19.863396,3.875757,2.906278,3.169109,0.000000,-0.179740
20260718-164725-248,2,77,18.571960,3.367531,19.597748,3.847488,2.906278,3.072126,-0.000000,-0.179740
20260718-164725-248,2,78,18.263168,3.466702,19.330611,3.845075,2.906278,2.975143,0.000000,-0.179740
20260718-164725-248,2,79,17.965431,3.595308,19.064496,3.868541,2.906278,2.878159,-0.086036,-0.179740
20260718-164725-248,2,80,17.681545,3.752140,18.801903,3.917665,2.897675,2.781176,0.000000,-0.228454
20260718-164725-248,2,81,17.417173,3.957825,18.549394,3.983808,2.897675,2.657439,0.000000,-0.228454
20260718-164725-248,2,82,17.180208,4.194566,18.306980,4.080611,2.897675,2.533703,-0.000000,-0.228454
20260718-164725-248,2,83,16.974274,4.458744,18.078366,4.206592,2.897675,2.409966,-0.035013,-0.228454
20260718-164725-248,2,84,16.802520,4.746319,17.867050,4.359826,2.894173,2.286229,0.000000,-0.245364
20260718-164725-248,2,85,16.672280,5.059118,17.676104,4.534773,2.894173,2.153129,-0.000000,-0.245364
20260718-164725-248,2,86,16.584703,5.386434,17.510065,4.733513,2.894173,2.020029,-0.000000,-0.245364
20260718-164725-248,2,87,16.541338,5.722478,17.371868,4.952529,2.894173,1.886930,0.222458,-0.245364
20260718-164725-248,2,88,16.542952,6.061304,17.263958,5.187948,2.916419,1.753830,0.000000,-0.092208
20260718-164725-248,2,89,16.526146,6.368018,17.203029,5.460037,2.916419,1.704301,-0.000000,-0.092208
20260718-164725-248,2,90,16.524545,6.675188,17.155645,5.734809,2.916419,1.654773,0.000000,-0.092208
20260718-164725-248,2,91,16.538153,6.982060,17.121923,6.011590,2.916419,1.605244,0.035690,-0.092208
20260718-164725-248,2,92,16.566937,7.287883,17.101946,6.289701,2.919988,1.555716,-0.000000,-0.005293
20260718-164725-248,2,93,16.573587,7.580593,17.105760,6.580897,2.919988,1.552877,0.000000,-0.005293
20260718-164725-248,2,94,16.581068,7.873284,17.110401,6.872081,2.919988,1.550039,0.000000,-0.005293
20260718-164725-248,2,95,16.589380,8.165952,17.115868,7.163250,2.919988,1.547200,0.000118,-0.005293
20260718-164725-248,2,96,16.598522,8.458595,17.122162,7.454403,2.920000,1.544361,0.000000,0.000000
20260718-164725-248,2,97,16.606240,8.750493,17.129880,7.746301,2.920000,1.544361,0.000000,0.000000
20260718-164725-248,2,98,16.613958,9.042391,17.137599,8.038199,2.920000,1.544361,0.000000,0.000000
20260718-164725-248,2,99,16.621677,9.334289,17.145317,8.330097,2.920000,1.544361,0.000000,0.000000
20260718-164725-248,2,100,16.629395,9.626187,17.153035,8.621995,2.920000,1.544361,0.000000,0.000000
20260718-164725-248,2,101,16.637113,9.918085,17.160753,8.913893,2.920000,1.544361,0.000000,0.000000
20260718-164725-248,2,102,16.644831,10.209983,17.168471,9.205791,2.920000,1.544361,0.000000,0.000000
20260718-164725-248,2,103,16.652549,10.501881,17.176189,9.497689,2.920000,1.544361,0.000000,0.000000
20260718-164725-248,2,104,16.660267,10.793779,17.183908,9.789587,2.920000,1.544361,0.000000,0.000000
20260718-164725-248,2,105,16.667986,11.085677,17.191626,10.081485,2.920000,1.544361,0.000000,0.000000
20260718-164725-248,2,106,16.675704,11.377575,17.199344,10.373383,2.920000,1.544361,0.000000,0.000000
20260718-164725-248,2,107,16.683422,11.669473,17.207062,10.665281,2.920000,1.544361,0.000000,0.000000
20260718-164725-248,2,108,16.691140,11.961371,17.214780,10.957179,2.920000,1.544361,0.000000,0.000000
20260718-164725-248,2,109,16.698858,12.253268,17.222498,11.249077,2.920000,1.544361,0.000000,0.000000
20260718-164725-248,2,110,16.706576,12.545166,17.230217,11.540975,2.920000,1.544361,0.000000,0.000000
20260718-164725-248,2,111,16.714295,12.837064,17.237935,11.832873,2.920000,1.544361,0.000000,0.000000
20260718-164725-248,2,112,16.722013,13.128962,17.245653,12.124771,2.920000,1.544361,0.000000,0.000000
20260718-164725-248,2,113,16.729731,13.420860,17.253371,12.416669,2.920000,1.544361,0.000000,0.000000
20260718-164725-248,2,114,16.737449,13.712758,17.261089,12.708567,2.920000,1.544361,0.000000,0.000000
20260718-164725-248,2,115,16.745167,14.004656,17.268807,13.000465,2.920000,1.544361,-0.000118,0.000000
20260718-164725-248,2,116,16.752885,14.296554,17.276526,13.292363,2.919988,1.544361,-0.000000,-0.005293
20260718-164725-248,2,117,16.762858,14.589170,17.283646,13.583496,2.919988,1.541523,0.000000,-0.005293
20260718-164725-248,2,118,16.773662,14.881757,17.291593,13.874609,2.919988,1.538684,-0.000000,-0.005293
20260718-164725-248,2,119,16.785296,15.174312,17.300366,14.165697,2.919988,1.535845,-0.018463,-0.005293
20260718-164725-248,2,120,16.797761,15.466832,17.309965,14.456760,2.918142,1.533007,-0.000000,-0.066470
20260718-164725-248,2,121,16.837370,15.766858,17.313221,14.739159,2.918142,1.497331,0.000000,-0.066470
20260718-164725-248,2,122,16.887656,16.065280,17.326548,15.021262,2.918142,1.461654,-0.000000,-0.066470
20260718-164725-248,2,123,16.948554,16.361719,17.349928,15.302710,2.918142,1.425978,-0.204672,-0.066470
20260718-164725-248,2,124,17.019987,16.655796,17.383332,15.583145,2.897675,1.390302,-0.000000,-0.228454
20260718-164725-248,2,125,17.175041,16.952709,17.403221,15.843414,2.897675,1.266566,0.000000,-0.228454
20260718-164725-248,2,126,17.365556,17.228214,17.455080,16.099239,2.897675,1.142829,-0.000000,-0.228454
20260718-164725-248,2,127,17.588616,17.478100,17.538116,16.346707,2.897675,1.019092,-0.000000,-0.228454
20260718-164725-248,2,128,17.840813,17.698544,17.651061,16.582034,2.897675,0.895355,0.000000,-0.228454
20260718-164725-248,2,129,18.118288,17.886177,17.792186,16.801623,2.897675,0.771619,-0.000000,-0.228454
20260718-164725-248,2,130,18.416801,18.038128,17.959335,17.002114,2.897675,0.647882,-0.000000,-0.228454
20260718-164725-248,2,131,18.731784,18.152075,18.149950,17.180443,2.897675,0.524145,0.162691,-0.228454
20260718-164725-248,2,132,19.058424,18.226276,18.361118,17.333883,2.913944,0.400408,-0.000000,-0.119792
20260718-164725-248,2,133,19.362095,18.299181,18.608791,17.453526,2.913944,0.335992,0.000000,-0.119792
20260718-164725-248,2,134,19.669830,18.352387,18.863652,17.556978,2.913944,0.271576,-0.000000,-0.119792
20260718-164725-248,2,135,19.980352,18.385673,19.124644,17.643809,2.913944,0.207159,-0.000000,-0.119792
20260718-164725-248,2,136,20.292373,18.398902,19.390684,17.713660,2.913944,0.142743,0.000000,-0.119792
20260718-164725-248,2,137,20.604597,18.392018,19.660668,17.766240,2.913944,0.078327,0.000000,-0.119792
20260718-164725-248,2,138,20.915731,18.365049,19.933478,17.801332,2.913944,0.013910,-0.000000,-0.119792
20260718-164725-248,2,139,21.224484,18.318109,20.207980,17.818789,2.913944,-0.050506,0.000000,-0.119792
20260718-164725-248,2,140,21.529575,18.251390,20.483037,17.818541,2.913944,-0.114922,-0.000000,-0.119792
20260718-164725-248,2,141,21.829738,18.165171,20.757508,17.800587,2.913944,-0.179339,0.000000,-0.119792
20260718-164725-248,2,142,22.123729,18.059809,21.030253,17.765002,2.913944,-0.243755,-0.000000,-0.119792
20260718-164725-248,2,143,22.410327,17.935740,21.300142,17.711934,2.913944,-0.308171,-0.740132,-0.119792
20260718-164725-248,2,144,22.688345,17.793480,21.566056,17.641602,2.839931,-0.372587,-0.799977,-0.013391
20260718-164725-248,2,145,22.952648,17.684330,21.829325,17.540295,2.759933,-0.379572,-0.799976,-0.013748
20260718-164725-248,2,146,23.208772,17.576366,22.084473,17.440163,2.679935,-0.386541,-0.799974,-0.014105
20260718-164725-248,2,147,23.456750,17.469708,22.331533,17.341314,2.599938,-0.393484,-0.821280,-0.014462
20260718-164725-248,2,148,23.696617,17.364478,22.570539,17.243858,2.517810,-0.400390,-0.798955,0.089923
20260718-164725-248,2,149,23.929575,17.299429,22.809504,17.131977,2.437914,-0.358696,-0.798919,0.092089
20260718-164725-248,2,150,24.157452,17.246367,23.045260,17.032759,2.358023,-0.317348,-0.798891,0.094254
20260718-164725-248,2,151,24.379656,17.204633,23.277139,16.945683,2.278133,-0.276409,-0.983793,0.096419
20260718-164725-248,2,152,24.595650,17.173531,23.504511,16.870191,2.179754,-0.235943,-0.787387,0.326979
20260718-164725-248,2,153,24.788998,17.223979,23.748958,16.775741,2.101016,-0.100172,-0.787264,0.334078
20260718-164725-248,2,154,24.966294,17.298564,23.995420,16.715465,2.022289,0.033755,-0.787225,0.341167
20260718-164725-248,2,155,25.124954,17.393493,24.239177,16.687802,1.943567,0.165622,-0.787270,0.348243
20260718-164725-248,2,156,25.263166,17.504789,24.476008,16.690553,1.864840,0.295207,-0.787396,0.355309
20260718-164725-248,2,157,25.379879,17.628440,24.702264,16.721005,1.786100,0.422289,-0.787601,0.362363
20260718-164725-248,2,158,25.474755,17.760529,24.914927,16.776053,1.707340,0.546644,-0.787884,0.369406
20260718-164725-248,2,159,25.548107,17.897352,25.111626,16.852323,1.628552,0.668049,-0.685516,0.376439
20260718-164725-248,2,160,25.600815,18.035513,25.290645,16.946296,1.560000,0.786277,-0.800000,0.000000
20260718-164725-248,2,161,25.711027,18.145919,25.400857,17.056702,1.480000,0.786277,-0.800000,0.000000
20260718-164725-248,2,162,25.815586,18.250663,25.505416,17.161445,1.400000,0.786277,-0.800000,0.000000
20260718-164725-248,2,163,25.914494,18.349745,25.604324,17.260527,1.320000,0.786277,-0.800000,0.000000
20260718-164725-248,2,164,26.007750,18.443165,25.697580,17.353947,1.240000,0.786277,-0.800000,0.000000
20260718-164725-248,2,165,26.095355,18.530923,25.785185,17.441705,1.160000,0.786277,-0.800000,0.000000
20260718-164725-248,2,166,26.177307,18.613019,25.867137,17.523802,1.080000,0.786277,-0.800000,0.000000
20260718-164725-248,2,167,26.253607,18.689454,25.943437,17.600237,1.000000,0.786277,-0.800000,0.000000
20260718-164725-248,2,168,26.324256,18.760227,26.014086,17.671009,0.920000,0.786277,-0.800000,0.000000
20260718-164725-248,2,169,26.389252,18.825338,26.079082,17.736120,0.840000,0.786277,-0.800000,0.000000
20260718-164725-248,2,170,26.448597,18.884787,26.138427,17.795569,0.760000,0.786277,-0.800000,0.000000
20260718-164725-248,2,171,26.502290,18.938574,26.192120,17.849357,0.680000,0.786277,-0.800000,0.000000
20260718-164725-248,2,172,26.550331,18.986700,26.240161,17.897482,0.600000,0.786277,-0.800000,0.000000
20260718-164725-248,2,173,26.592720,19.029163,26.282550,17.939946,0.520000,0.786277,-0.800000,0.000000
20260718-164725-248,2,174,26.629457,19.065965,26.319287,17.976748,0.440000,0.786277,-0.800000,0.000000
20260718-164725-248,2,175,26.660543,19.097105,26.350373,18.007888,0.360000,0.786277,-0.800000,0.000000
20260718-164725-248,2,176,26.685976,19.122583,26.375806,18.033366,0.280000,0.786277,-0.800000,0.000000
20260718-164725-248,2,177,26.705758,19.142400,26.395588,18.053182,0.200000,0.786277,-0.800000,0.000000
20260718-164725-248,2,178,26.719888,19.156554,26.409717,18.067337,0.120000,0.786277,-0.800000,0.000000
20260718-164725-248,2,179,26.728365,19.165047,26.418195,18.075830,0.040000,0.786277,-0.400000,0.000000
20260718-164725-248,2,180,26.731191,19.167878,26.421021,18.078660,0.000000,0.786277,-0.799994,0.000000
20260718-164725-248,2,181,26.731191,19.167878,26.421021,18.078660,-0.079999,0.786277,-0.799960,2.885099
20260718-164725-248,2,182,26.723462,19.162788,26.417491,18.072383,-0.159995,0.790130,-0.799895,2.888656
20260718-164725-248,2,183,26.708143,19.152482,26.410463,18.059785,-0.239985,0.797725,-0.799803,2.892211
20260718-164725-248,2,184,26.685435,19.136753,26.400038,18.040783,-0.319965,0.808950,-0.799689,2.895762
20260718-164725-248,2,185,26.655596,19.115320,26.386389,18.015262,-0.399934,0.823694,-0.799555,2.899312
20260718-164725-248,2,186,26.618946,19.087837,26.369751,17.983074,-0.479890,0.841846,-0.799405,2.902860
20260718-164725-248,2,187,26.575873,19.053903,26.350430,17.944049,-0.559830,0.863296,-0.799242,2.906407
20260718-164725-248,2,188,26.526832,19.013068,26.328797,17.897998,-0.639754,0.887932,-0.799069,2.909952
20260718-164725-248,2,189,26.472351,18.964849,26.305291,17.844719,-0.719661,0.915646,-0.798889,2.913496
20260718-164725-248,2,190,26.413035,18.908736,26.280415,17.784009,-0.799550,0.946327,-0.798706,2.917040
20260718-164725-248,2,191,26.349569,18.844210,26.254740,17.715667,-0.879421,0.979866,-0.798521,2.920584
20260718-164725-248,2,192,26.282722,18.770750,26.228898,17.639511,-0.959273,1.016154,-0.798336,2.924128
20260718-164725-248,2,193,26.213346,18.687855,26.203588,17.555378,-1.039106,1.055082,0.798336,2.927671
20260718-164725-248,2,194,26.142379,18.595049,26.179567,17.463140,-0.959273,1.096540,0.798521,2.924128
20260718-164725-248,2,195,26.079883,18.506850,26.161094,17.377246,-0.879421,1.135468,0.798706,2.920584
20260718-164725-248,2,196,26.025228,18.423919,26.147367,17.298005,-0.799550,1.171755,0.798889,2.917040
20260718-164725-248,2,197,25.977791,18.346839,26.137617,17.225654,-0.719661,1.205295,0.799069,2.913496
20260718-164725-248,2,198,25.936973,18.276122,26.131117,17.160368,-0.639754,1.235976,0.799242,2.909952
20260718-164725-248,2,199,25.902204,18.212212,26.127192,17.102266,-0.559830,1.263690,0.799405,2.906407
20260718-164725-248,2,200,25.872958,18.155492,26.125220,17.051425,-0.479890,1.288326,0.799555,2.902860
20260718-164725-248,2,201,25.848760,18.106286,26.124644,17.007883,-0.399934,1.309776,0.799689,2.899312
20260718-164725-248,2,202,25.829194,18.064865,26.124970,16.971651,-0.319965,1.327928,0.799803,2.895762
20260718-164725-248,2,203,25.813915,18.031454,26.125776,16.942720,-0.239985,1.342672,0.799895,2.892211
20260718-164725-248,2,204,25.802649,18.006232,26.126712,16.921067,-0.159995,1.353897,0.799960,2.888656
20260718-164725-248,2,205,25.795209,17.989335,26.127503,16.906662,-0.079999,1.361492,0.799994,2.885099
20260718-164725-248,2,206,25.791492,17.980859,26.127956,16.899475,0.000000,1.365345,0.799973,0.000000
20260718-164725-248,2,207,25.791492,17.980859,26.127956,16.899475,0.079997,1.365345,0.799815,-0.512998
20260718-164725-248,2,208,25.797669,17.990051,26.125172,16.905919,0.159979,1.357069,0.799520,-0.505915
20260718-164725-248,2,209,25.810161,18.008223,26.119975,16.918904,0.239931,1.340792,0.799107,-0.498855
20260718-164725-248,2,210,25.829311,18.035015,26.112887,16.938573,0.319842,1.316785,0.798595,-0.491815
20260718-164725-248,2,211,25.855642,18.069909,26.104580,16.965088,0.399701,1.285316,0.798000,-0.484792
20260718-164725-248,2,212,25.889829,18.112224,26.095873,16.998606,0.479501,1.246652,0.797340,-0.477784
20260718-164725-248,2,213,25.932663,18.161098,26.087731,17.039245,0.559235,1.201053,0.219685,-0.470787
20260718-164725-248,2,214,25.985014,18.215470,26.081255,17.087047,0.581204,1.148780,-0.797149,-0.468860
20260718-164725-248,2,215,26.042251,18.268978,26.077370,17.137004,0.501489,1.094712,-0.797824,-0.475854
20260718-164725-248,2,216,26.094225,18.312655,26.075596,17.180289,0.421706,1.047248,-4.217063,-0.482859
20260718-164725-248,2,217,26.139767,18.347475,26.075189,17.216799,0.000000,1.006646,0.000000,0.000000
20260718-164725-248,3,0,17.771684,3.520066,18.568316,3.599934,0.085000,2.761111,0.849996,-0.056289
20260718-164725-248,3,1,17.763748,3.523721,18.560476,3.602612,0.170000,2.759884,0.849989,-0.054936
20260718-164725-248,3,2,17.747893,3.531045,18.544808,3.608029,0.254998,2.757490,0.849980,-0.053583
20260718-164725-248,3,3,17.724152,3.542079,18.521332,3.616271,0.339996,2.753988,0.849182,-0.052229
20260718-164725-248,3,4,17.692569,3.556888,18.490078,3.627451,0.424915,2.749436,0.849458,-0.182118
20260718-164725-248,3,5,17.653001,3.581911,18.451764,3.636480,0.509860,2.729398,0.849301,-0.177285
20260718-164725-248,3,6,17.606235,3.612780,18.406055,3.648650,0.594791,2.706005,0.849145,-0.172453
20260718-164725-248,3,7,17.552641,3.649922,18.353131,3.664563,0.679705,2.679474,0.848994,-0.167621
20260718-164725-248,3,8,17.492650,3.693809,18.293225,3.684870,0.764604,2.650021,0.848853,-0.162788
20260718-164725-248,3,9,17.426755,3.744936,18.226629,3.710260,0.849490,2.617862,0.848728,-0.157955
20260718-164725-248,3,10,17.355506,3.803815,18.153698,3.741450,0.934363,2.583213,0.848622,-0.153120
20260718-164725-248,3,11,17.279514,3.870959,18.074859,3.779168,1.019225,2.546286,0.848539,-0.148284
20260718-164725-248,3,12,17.199445,3.946871,17.990608,3.824148,1.104079,2.507297,0.848481,-0.143447
20260718-164725-248,3,13,17.116021,4.032033,17.901514,3.877112,1.188927,2.466459,0.848450,-0.138608
20260718-164725-248,3,14,17.030012,4.126892,17.808219,3.938758,1.273772,2.423985,0.848449,-0.133768
20260718-164725-248,3,15,16.942230,4.231852,17.711431,4.009750,1.358617,2.380089,0.848478,-0.128926
20260718-164725-248,3,16,16.853523,4.347265,17.611928,4.090706,1.443465,2.334984,0.848538,-0.124083
20260718-164725-248,3,17,16.764766,4.473424,17.510540,4.182184,1.528318,2.288880,0.848629,-0.119238
20260718-164725-248,3,18,16.676847,4.610553,17.408151,4.284677,1.613181,2.241991,0.848749,-0.114392
20260718-164725-248,3,19,16.590662,4.758808,17.305681,4.398603,1.698056,2.194527,0.841468,-0.109544
20260718-164725-248,3,20,16.507100,4.918273,17.204081,4.524296,1.782203,2.146701,0.249605,-0.122069
20260718-164725-248,3,21,16.429990,5.092379,17.103832,4.660016,1.807163,2.090712,0.000000,-0.120406
20260718-164725-248,3,22,16.361626,5.272765,17.010215,4.803369,1.807163,2.034719,-0.000000,-0.120406
20260718-164725-248,3,23,16.303464,5.456693,16.924768,4.951736,1.807163,1.978727,0.022258,-0.120406
20260718-164725-248,3,24,16.255687,5.643588,16.847757,5.104652,1.809389,1.922734,0.000000,-0.056010
20260718-164725-248,3,25,16.204827,5.822657,16.782698,5.268523,1.809389,1.896755,-0.000000,-0.056010
20260718-164725-248,3,26,16.158636,6.002986,16.721918,5.434028,1.809389,1.870775,0.000000,-0.056010
20260718-164725-248,3,27,16.117145,6.184454,16.665458,5.601056,1.809389,1.844796,-0.008583,-0.056010
20260718-164725-248,3,28,16.080382,6.366939,16.613355,5.769494,1.808531,1.818816,-0.000000,0.086783
20260718-164725-248,3,29,16.017101,6.529491,16.573707,5.954000,1.808531,1.859110,0.000000,0.086783
20260718-164725-248,3,30,15.947322,6.689362,16.526659,6.136760,1.808531,1.899403,-0.000000,0.086783
20260718-164725-248,3,31,15.871161,6.846292,16.472287,6.317476,1.808531,1.939696,-0.022725,0.086783
20260718-164725-248,3,32,15.788739,7.000027,16.410680,6.495855,1.806258,1.979990,0.000000,0.138148
20260718-164725-248,3,33,15.690644,7.140607,16.343700,6.677446,1.806258,2.044300,-0.000000,0.138148
20260718-164725-248,3,34,15.583718,7.274592,16.265189,6.854358,1.806258,2.108610,0.000000,0.138148
20260718-164725-248,3,35,15.468401,7.401428,16.175471,7.025858,1.806258,2.172920,-0.010690,0.138148
20260718-164725-248,3,36,15.345172,7.520591,16.074916,7.191238,1.805189,2.237230,-0.000000,0.156461
20260718-164725-248,3,37,15.212183,7.627310,15.963984,7.352002,1.805189,2.310154,0.000000,0.156461
20260718-164725-248,3,38,15.071772,7.724056,15.841634,7.504255,1.805189,2.383079,-0.000000,0.156461
20260718-164725-248,3,39,14.924686,7.810315,15.708516,7.647189,1.805189,2.456003,0.000000,0.156461
20260718-164725-248,3,40,14.771706,7.885627,15.565338,7.780045,1.805189,2.528927,-0.000000,0.156461
20260718-164725-248,3,41,14.613645,7.949594,15.412860,7.902116,1.805189,2.601851,0.000000,0.156461
20260718-164725-248,3,42,14.451343,8.001874,15.251894,8.012753,1.805189,2.674775,0.000000,0.156461
20260718-164725-248,3,43,14.285664,8.042189,15.083294,8.111367,1.805189,2.747700,-0.000000,0.156461
20260718-164725-248,3,44,14.117488,8.070327,14.907958,8.197436,1.805189,2.820624,0.000000,0.156461
20260718-164725-248,3,45,13.947708,8.086136,14.726817,8.270501,1.805189,2.893548,-0.000000,0.156461
20260718-164725-248,3,46,13.777228,8.089534,14.540833,8.330174,1.805189,2.966472,-0.000000,0.156461
20260718-164725-248,3,47,13.606954,8.080501,14.350996,8.376137,1.805189,3.039396,0.048013,0.156461
20260718-164725-248,3,48,13.437790,8.059086,14.158315,8.408147,1.809991,3.112320,0.000000,-0.006910
20260718-164725-248,3,49,13.256328,8.066118,13.977968,8.412869,1.809991,3.109118,-0.000000,-0.006910
20260718-164725-248,3,50,13.074890,8.073730,13.797636,8.418169,1.809991,3.105915,0.000000,-0.006910
20260718-164725-248,3,51,12.893477,8.081924,13.617323,8.424046,1.809991,3.102712,-0.000470,-0.006910
20260718-164725-248,3,52,12.712091,8.090699,13.437029,8.430501,1.809944,3.099509,-0.000000,-0.017014
20260718-164725-248,3,53,12.529989,8.102604,13.257584,8.436678,1.809944,3.091623,0.000000,-0.017014
20260718-164725-248,3,54,12.347986,8.115944,13.078193,8.444270,1.809944,3.083736,-0.000000,-0.017014
20260718-164725-248,3,55,12.166093,8.130720,12.898867,8.453276,1.809944,3.075849,0.000000,-0.017014
20260718-164725-248,3,56,11.984323,8.146930,12.719618,8.463697,1.809944,3.067963,-0.000000,-0.017014
20260718-164725-248,3,57,11.802686,8.164572,12.540457,8.475531,1.809944,3.060076,-0.000000,-0.017014
20260718-164725-248,3,58,11.621195,8.183647,12.361394,8.488777,1.809944,3.052189,-0.000000,-0.017014
20260718-164725-248,3,59,11.439859,8.204152,12.182442,8.503435,1.809944,3.044302,-0.005545,-0.017014
20260718-164725-248,3,60,11.258690,8.226087,12.003611,8.519504,1.809389,3.036416,-0.000000,-0.056010
20260718-164725-248,3,61,11.075560,8.259483,11.827851,8.533451,1.809389,3.010436,-0.000000,-0.056010
20260718-164725-248,3,62,10.893358,8.297625,11.652512,8.551958,1.809389,2.984457,0.000000,-0.056010
20260718-164725-248,3,63,10.712209,8.340487,11.477713,8.575014,1.809389,2.958477,-0.103811,-0.056010
20260718-164725-248,3,64,10.532234,8.388040,11.303573,8.602603,1.799008,2.932498,-0.000000,-0.234923
20260718-164725-248,3,65,10.350923,8.487957,11.141188,8.616339,1.799008,2.822234,0.000000,-0.234923
20260718-164725-248,3,66,10.181708,8.607219,10.981301,8.647860,1.799008,2.711970,-0.000000,-0.234923
20260718-164725-248,3,67,10.026644,8.744377,10.825853,8.696784,1.799008,2.601707,-0.020948,-0.234923
20260718-164725-248,3,68,9.887614,8.897765,10.676733,8.762516,1.796913,2.491443,0.000000,-0.255759
20260718-164725-248,3,69,9.768702,9.070699,10.535881,8.841706,1.796913,2.371119,-0.000000,-0.255759
20260718-164725-248,3,70,9.671408,9.256656,10.405552,8.937231,1.796913,2.250794,0.000000,-0.255759
20260718-164725-248,3,71,9.597138,9.452947,10.287633,9.047709,1.796913,2.130470,-0.000000,-0.255759
20260718-164725-248,3,72,9.546967,9.656734,10.183827,9.171543,1.796913,2.010146,0.000000,-0.255759
20260718-164725-248,3,73,9.521620,9.865069,10.095636,9.306942,1.796913,1.889821,0.000000,-0.255759
20260718-164725-248,3,74,9.521464,10.074941,10.024335,9.451947,1.796913,1.769497,-0.000000,-0.255759
20260718-164725-248,3,75,9.546501,10.283314,9.970955,9.604463,1.796913,1.649173,0.121043,-0.255759
20260718-164725-248,3,76,9.596368,10.487175,9.936268,9.762283,1.809018,1.528848,0.000000,-0.071005
20260718-164725-248,3,77,9.621944,10.673070,9.937780,9.937374,1.809018,1.495899,-0.000000,-0.071005
20260718-164725-248,3,78,9.653630,10.858021,9.945058,10.112320,1.809018,1.462950,-0.000000,-0.071005
20260718-164725-248,3,79,9.691392,11.041827,9.958096,10.286931,1.809018,1.430001,-0.004867,-0.071005
20260718-164725-248,3,80,9.735188,11.224291,9.976879,10.461018,1.808531,1.397052,-0.000000,0.086783
20260718-164725-248,3,81,9.743996,11.398504,10.016237,10.645586,1.808531,1.437346,0.000000,0.086783
20260718-164725-248,3,82,9.745779,11.572930,10.048128,10.831590,1.808531,1.477639,-0.000000,0.086783
20260718-164725-248,3,83,9.740534,11.747286,10.072501,11.018728,1.808531,1.517932,-0.881026,0.086783
20260718-164725-248,3,84,9.728270,11.921290,10.089316,11.206695,1.720428,1.558226,-0.847244,0.163807
20260718-164725-248,3,85,9.692366,12.079396,10.104446,11.392964,1.635704,1.631047,-0.846941,0.171148
20260718-164725-248,3,86,9.646388,12.226152,10.107042,11.571326,1.551010,1.703444,-0.846706,0.178485
20260718-164725-248,3,87,9.591990,12.361089,10.098343,11.740922,1.466339,1.775099,-0.815726,0.185817
20260718-164725-248,3,88,9.530848,12.483940,10.079681,11.901032,1.384766,1.845688,-0.849746,0.051738
20260718-164725-248,3,89,9.485507,12.611440,10.044950,12.038707,1.299792,1.864051,-0.849745,0.053705
20260718-164725-248,3,90,9.440628,12.730147,10.010229,12.167515,1.214817,1.881945,-0.849749,0.055672
20260718-164725-248,3,91,9.396597,12.840171,9.975867,12.287498,1.129843,1.899282,-0.848425,0.057639
20260718-164725-248,3,92,9.353788,12.941631,9.942204,12.398707,1.045000,1.915977,-0.850000,0.000000
20260718-164725-248,3,93,9.318429,13.039967,9.906845,12.497043,0.960000,1.915977,-0.850000,0.000000
20260718-164725-248,3,94,9.285946,13.130305,9.874362,12.587380,0.875000,1.915977,-0.850000,0.000000
20260718-164725-248,3,95,9.256339,13.212644,9.844754,12.669719,0.790000,1.915977,-0.850000,0.000000
20260718-164725-248,3,96,9.229608,13.286984,9.818023,12.744059,0.705000,1.915977,-0.850000,0.000000
20260718-164725-248,3,97,9.205753,13.353325,9.794169,12.810401,0.620000,1.915977,-0.850000,0.000000
20260718-164725-248,3,98,9.184774,13.411668,9.773190,12.868744,0.535000,1.915977,-0.850000,0.000000
20260718-164725-248,3,99,9.166672,13.462012,9.755087,12.919088,0.450000,1.915977,-0.850000,0.000000
20260718-164725-248,3,100,9.151445,13.504358,9.739861,12.961433,0.365000,1.915977,-0.850000,0.000000
20260718-164725-248,3,101,9.139095,13.538705,9.727510,12.995780,0.280000,1.915977,-0.850000,0.000000
20260718-164725-248,3,102,9.129620,13.565053,9.718036,13.022129,0.195000,1.915977,-0.850000,0.000000
20260718-164725-248,3,103,9.123022,13.583403,9.711438,13.040479,0.110000,1.915977,-0.850000,0.000000
20260718-164725-248,3,104,9.119300,13.593754,9.707716,13.050830,0.025000,1.915977,-0.250000,0.000000
20260718-164725-248,3,105,9.118454,13.596107,9.706870,13.053182,0.000000,1.915977,-0.849877,0.000000
20260718-164725-248,3,106,9.118454,13.596107,9.706870,13.053182,-0.084988,1.915977,-0.849203,2.478531
20260718-164725-248,3,107,9.116894,13.583118,9.714453,13.050274,-0.169908,1.932975,-0.848016,2.494283
20260718-164725-248,3,108,9.114837,13.557458,9.729596,13.044553,-0.254710,1.965867,-0.846470,2.509942
20260718-164725-248,3,109,9.113879,13.519462,9.752406,13.036468,-0.339357,2.013590,-0.844697,2.525534
20260718-164725-248,3,110,9.116064,13.469607,9.783080,13.026788,-0.423826,2.075115,-0.842809,2.541080
20260718-164725-248,3,111,9.123785,13.408647,9.821845,13.016587,-0.508107,2.149449,-0.840904,2.556600
20260718-164725-248,3,112,9.139670,13.337739,9.868886,13.007218,-0.592198,2.235630,-0.839062,2.572111
20260718-164725-248,3,113,9.166441,13.258567,9.924263,13.000293,-0.676104,2.332722,-0.837352,2.587627
20260718-164725-248,3,114,9.206739,13.173425,9.987828,12.997638,-0.759839,2.439821,0.837352,2.603161
20260718-164725-248,3,115,9.262938,13.085265,10.059141,13.001241,-0.676104,2.556045,0.839062,2.587627
20260718-164725-248,3,116,9.321092,13.011162,10.121715,13.012729,-0.592198,2.663144,0.840904,2.572111
20260718-164725-248,3,117,9.378279,12.950215,10.174980,13.029387,-0.508107,2.760237,0.842809,2.556600
20260718-164725-248,3,118,9.431959,12.901238,10.218888,13.048691,-0.423826,2.846417,0.844697,2.541080
20260718-164725-248,3,119,9.479989,12.862911,10.253794,13.068399,-0.339357,2.920751,0.846470,2.525534
20260718-164725-248,3,120,9.520608,12.833922,10.280314,13.086600,-0.254710,2.982276,0.848016,2.509942
20260718-164725-248,3,121,9.552408,12.813106,10.299196,13.101737,-0.169908,3.029999,0.849203,2.494283
20260718-164725-248,3,122,9.574304,12.799568,10.311196,13.112602,-0.084988,3.062891,0.849877,2.478531
20260718-164725-248,3,123,9.585501,12.792803,10.316966,13.118318,0.000000,3.079889,0.849877,0.000000
20260718-164725-248,3,124,9.585501,12.792803,10.316966,13.118318,0.084988,3.079889,0.849203,0.663061
20260718-164725-248,3,125,9.579829,12.786990,10.305655,13.124890,0.169908,3.096887,0.848016,0.647310
20260718-164725-248,3,126,9.568583,12.775348,10.282904,13.136935,0.254710,3.129780,0.846470,0.631650
20260718-164725-248,3,127,9.552130,12.757600,10.248389,13.152852,0.339357,3.177502,0.844697,0.616059
20260718-164725-248,3,128,9.531102,12.733261,10.201740,13.170575,0.423826,3.239028,0.842809,0.600513
20260718-164725-248,3,129,9.506392,12.701698,10.142701,13.187610,0.508107,3.313362,0.840904,0.584993
20260718-164725-248,3,130,9.479172,12.662205,10.071295,13.201083,0.592198,3.399542,0.839062,0.569482
20260718-164725-248,3,131,9.450897,12.614089,9.987992,13.207830,0.676104,3.496635,0.557278,0.553966
20260718-164725-248,3,132,9.423302,12.556765,9.893853,13.204517,0.731832,3.603734,-0.837906,0.543634
20260718-164725-248,3,133,9.399621,12.492167,9.793945,13.188952,0.648041,3.717000,-0.839667,0.559161
20260718-164725-248,3,134,9.386105,12.432675,9.706074,13.166582,0.564074,3.820849,-0.841538,0.574673
20260718-164725-248,3,135,9.380518,12.379782,9.630536,13.140368,0.479921,3.914392,-0.843447,0.590185
20260718-164725-248,3,136,9.380616,12.334450,9.567246,13.113019,0.395576,3.996713,-3.955758,0.605712
20260718-164725-248,3,137,9.384276,12.297191,9.515872,13.086927,0.000000,4.066868,0.000000,0.000000
